,January,February,March,April,May,June,July,August,September,October,November,December
0,991.5825174655597,1107.5084234378471,1460.367469829472,1205.2175076439094,1429.850387661283,1224.6033869433486,1211.315738780861,1212.919353211278,1369.843150053219,1385.804587692657,1364.4418088452203,1128.9186151344084
1,1056.5422142723562,1105.5645895034731,1467.4665386708275,1523.3076033922919,1071.200860747481,1270.5881322477937,1207.328974251587,914.3564594322967,1508.7904890005639,1501.729098379871,1320.524153811348,1170.9362648341355
2,1378.191232377393,1099.5664198697689,1346.503324234904,1185.5297404425753,1410.7046640107653,1282.7669590235396,1076.8653418592662,1365.9525710471069,1505.1436101146194,1428.7600076303124,1279.0802620716988,1037.3375247832596
3,1143.7382803382143,1109.6943644312555,1405.7526724101451,1528.7830039415703,1007.4687309340117,1266.864092197728,859.8483622098406,1284.501443037969,1319.2879972893911,1513.851010554652,1334.724843824336,1078.0915747831789
4,1009.0078499517701,1116.5673473951003,1345.8905974247934,1529.7881274423964,1362.4724729311047,1251.3100877295271,1244.6183054037294,1276.1382852704776,1535.3628201938989,1476.9967512750939,1313.9193378658294,1103.467526236476
5,1054.5223793193284,1155.7203631476916,1370.2364943980626,1516.847097885507,1314.9297791840752,1262.7515695432087,1267.059800416843,1188.9740804296293,1547.2815393974386,1485.381440250381,1356.0334517574745,1042.153512463963
6,970.5811818640599,1271.09890983743,1387.5983299249303,1496.6577484081358,1390.1302888428706,1246.27420756567,1267.9961249605115,996.1369366473416,773.735560490923,1484.3322382789504,1477.4982391158621,1365.4783334433632
7,1164.0355210036653,1191.9996500626853,1420.8991511036077,1489.866758185008,1345.4645973501863,1277.5181940382279,1217.7326601333766,1370.2340612432479,1061.5471943759792,1478.138951526788,1298.0847484305189,1254.200196025376
8,989.4977523468021,1174.1115428559692,1403.152066905628,1521.2940777347494,1235.7586621131081,1116.4817096020467,943.6412266536385,1158.6985982505425,1336.3403794642945,1427.9147535673412,1388.9328633008474,1100.6702423949375
9,989.5289942827455,1178.6031040381715,1460.145894784793,1080.1683077504117,1351.7457292072177,914.9825937543113,1010.8655693105984,1424.228383234369,879.4758798530374,1483.9900585414393,1405.8572364492843,1085.324502651536
10,1194.3019519608988,1204.2050189335498,1507.1154201362529,1387.840963302822,1358.1841418634876,1253.0668794859325,1202.5830628803333,917.2251357374153,1243.2337480277206,1463.9180613872168,1502.9800481669715,1435.7231241404188
11,808.9677225536149,1212.5006955833665,1440.4007572226008,1506.652495972205,1357.3923772628225,1209.3096196116803,1289.4866893006954,970.4979645434343,1522.6349173569147,1436.422499870967,1347.337207562443,1108.2177607500496
12,1416.284494467649,1249.3485851644623,1411.9594499729144,1497.4444336915953,819.4654167136348,468.96730129877915,1208.1503554554574,1218.0353300573522,1499.4808690629632,1547.2684066152644,1309.3334608642817,1290.0282368562748
13,1184.3354909573186,1317.5403468214672,1447.9180307231686,1490.7184584447805,633.9416841135121,1238.340541505906,1188.057474319967,1155.670433503631,1486.0991225324278,1422.375879448459,1406.4459515195394,1010.9742827820846
14,1005.5066954120653,1008.6859714743056,1441.1388179697192,1470.1716530051644,883.8310954045622,1241.799177910115,1173.2926951917511,1189.0195133949815,1498.178682355576,1482.227847258818,1232.2291777088765,990.3268350948723
15,1051.1100999457733,1440.7768708848334,1429.4263388039346,1217.553375255384,1230.487077616159,1244.4080231346134,1306.4304995598327,1179.8616347831087,1231.9834253808758,1472.0443934409855,1340.6910206738482,1228.1525771042802
16,973.8188991629095,1266.4439087283424,1433.0100947861545,1483.4043752015134,1320.2986750329521,1218.3624816410127,1316.7065509261438,1344.4861621579794,1480.9837735901713,1456.472298624366,1254.9112549600566,1289.4433681211099
17,1228.3874308202155,1308.1991709677277,1446.7026012017038,1069.5515482873207,1337.8061821087065,1221.3837186340295,1312.537189955282,1379.4562489843054,1509.7190878030383,1383.6023804893086,1197.302322050307,1267.1383807646955
18,1001.8389530750765,1267.5460048270409,1427.1992387183473,1488.8257227230151,1342.480473706894,648.729220751528,1316.095134162438,1054.828847685453,1447.2230341709926,1442.2363229116625,1470.0439325440857,1227.4685134583062
19,989.360427869141,1248.251451393242,1430.3389578769568,1372.3736320354938,1346.2484817955171,835.2874445139936,546.2167861177217,945.8139556985303,1545.7029455088914,1516.9135750817509,1311.6380412743194,1353.596161594185
20,1058.8183462162895,1269.9430617309793,930.7168856355586,1456.3044001964688,1284.5464814872748,1086.7194812395514,1175.7772473821963,1330.9220760277442,1371.7146462020041,1434.4429852881942,1320.7809973868343,1041.1265301706837
21,1061.5716026228426,1406.255718257765,819.8779320582469,1086.3827261432575,609.1975350294051,1056.196560232993,1199.7612638579822,1333.2241704134685,1372.4447751881546,1295.7871605317544,1078.7947504174679,984.7881650207662
22,1268.3607080911033,1337.2298058513593,1014.3282750657236,1293.0838201060885,792.2091910196164,1227.5264155519264,1306.9954878445947,1481.106489179967,1465.7129118910752,1542.9188370966692,1149.0092908418833,994.5400818783215
23,602.954903915851,1323.5528044727996,1193.2389101791618,1280.2150466952837,1230.7535762254302,1235.1919473861649,285.19309213112484,1472.1670590661133,1434.2589869043081,1360.6531058224102,1106.1831403552928,998.4825413361973
24,1252.545388027219,1319.7378202466725,1530.3068514192967,988.2789910767701,1318.557186577619,1120.280960886361,1159.1503401238685,1444.5668427529308,1352.4170269604874,1362.322700427012,1095.753526385611,1003.1067501222744
25,1081.1480326488802,1333.2438371683982,1512.9748270242546,1080.3530030535828,1309.953660922106,994.3788156215759,1318.5818686143507,1154.6639924431213,1442.4192070655838,1354.5322721677828,1286.4188081491995,1035.7558634911961
26,1065.754352135679,1325.851482229718,1468.2938152074985,1454.754322009207,1300.2312432899907,588.0485524853264,683.0957282693867,1492.9437256850504,1418.9376671721525,1340.3417575148112,1147.2513081214856,1011.538410330925
27,1094.827199263825,1347.5434068212267,1508.1298054488905,915.7960583085476,1257.9742113630216,744.4511771823895,1232.6180747136038,1471.2317293267931,1457.8613139035906,1324.7271727084465,981.4836440434667,1283.9371937851354
28,1281.9441589755863,1124.4006769639877,1509.729907402034,1370.5680062983063,875.795080671529,818.1892080587288,1090.8871200366484,1519.7105578645162,1468.0531482270158,1347.537790722152,1311.3846197477221,1125.2260514139764
29,1434.2912073563791,1184.6155444398207,1496.4249923636862,1429.440232289597,842.9247435463711,929.8906912983886,1029.5020688383588,1255.6032974803074,1470.55211171453,1439.3259993771455,1459.1985874667635,976.5302348805732
30,1109.9439521687373,1331.7881960912737,1410.9205889349043,1466.7004691616064,832.5628593477073,1271.6706035581863,868.3397141663646,1017.0165107156137,1420.8174100955746,1378.1944572927403,1506.604548769075,985.7392731712407
31,1029.2088371087411,1253.8009783066134,1473.7027538578898,1413.8399631426853,861.9734633430958,1264.945772233059,389.9315133736858,1172.493150380992,1487.219925127909,1548.6591382790216,1356.6485125374174,1417.7132793885025
32,999.8862381449853,1266.9640642236288,1429.6347317406685,1468.9510114620962,1220.5654734991072,1272.6405644568827,469.87328843762083,1220.8237301617135,1512.538249302126,1492.2690216161045,1350.2232827550233,1351.0274112836553
33,1323.301634608741,1245.7770050356812,1522.9490942472771,1423.1059891468772,1308.2705846339406,1263.5878776175555,1081.866356931297,1328.7379391375257,1083.3494772805864,1497.459873462224,1315.1775693577056,1349.1107688966056
34,1164.2754420836338,1161.4442028585956,1355.3553224875673,1398.6793809123608,1121.7904868779326,1241.732499374052,1013.1881216428866,1403.0991540000132,1360.6519620868928,1514.646386742041,1415.9063027042753,1286.7230625124942
35,1027.2114393481202,1273.5286833492353,1335.873362369323,1480.8843738551348,875.6681809260234,422.9364235251294,967.148124540682,1201.8035837430061,1277.6534970697028,1498.7173685227233,1487.5032460727796,1250.626900724132
36,1006.4666264088644,1288.458655114697,1350.183209399071,1492.796977109912,1244.546103210418,636.7844755823091,935.9736985625349,969.0085044463124,1021.2973776928765,1483.0660258155747,1334.975018041776,1498.605175471738
37,997.9311760644728,1215.1085431856288,1356.4227637630531,1322.8303388206991,1107.50591816715,994.7147202504572,1243.3217688456746,1125.5085719912977,1421.4941197269377,1491.8041271039103,1382.1193301065362,1455.5006532785112
38,1020.9270553104658,1243.0914076311708,1384.4501440491497,1451.6576380218305,1366.6058947227968,1219.5607571030225,867.2766401457561,995.0076729504174,1521.7852283546906,1100.0535608046662,1290.3838484646294,1148.5554183580753
39,1439.719358420022,1274.844198234728,1481.5136530481586,1505.3146520836538,1370.9477219490245,1222.1488788537558,1221.5779778781277,1121.1535739696524,1532.8651348674641,1531.9624751495846,1268.0402628214556,1126.306668910999
40,1505.523349853991,1213.1570665799748,1460.4866361784746,1405.0587123444968,1377.2361061527638,1229.7988302119668,1260.6435770544408,695.7963717533837,1282.1787687187339,1426.1840618617157,1224.1814505627137,1084.8344664935253
41,1533.9176289630225,1243.591868945569,1452.2123623579603,1475.6723019429623,446.8061560677284,1237.4565152345244,1251.5104007577334,1365.970226970198,917.8201475751544,1529.4694956679582,1302.6548398657617,1359.8122099906252
42,1002.4794787003303,1507.8881266680894,1439.785842620602,1405.4951472195849,1042.812742931059,705.7888305490545,930.8034973417714,1432.0770876306556,1361.1795741524081,1447.7534164591236,1240.3523766446897,1463.9864566739711
43,983.3278107780418,1522.3646498750343,1423.263781195315,1480.6878483053445,1006.6613340008687,1095.4124734538104,889.1012402150508,1369.7755704070257,699.6670853377121,1405.9951151636326,1222.2427363126633,1450.0533053833979
44,983.2233603362135,1453.3575051363814,1470.406569829345,834.3581527263209,1057.3719519256153,1139.9846234799245,1260.4356088817174,1345.7135803668084,1359.9499778510578,1448.2975272734575,1337.7539956010055,1332.634043084599
45,1544.5357682935394,1294.0896605174619,1470.8795692064339,1437.7792541397407,1110.3518770752153,1024.9783817898424,1221.2297817501158,1303.681845952763,1529.6095138956437,1466.8184464599287,1221.4596101701807,1242.5301108887631
46,1050.7377516410138,1282.4030112147314,1458.8653110152845,1126.9914694679146,1135.4404019677854,1182.8798888041613,983.1659812615927,1243.5116704145144,1393.9968112853337,1395.6701569532315,1381.2026639471653,1199.077058470751
47,1024.2141269091958,1281.1894529130311,1442.2176858254363,1496.033417093786,1221.2281734912062,1175.6473092579454,1233.798521581005,1467.9263923989909,1398.4772259446263,963.1612719938165,1362.7762504421632,1470.1529483071747
48,1376.4937165560582,1276.9630026118666,1446.9569619318902,1363.0239051711424,1126.9197542802563,1038.8359884451545,1276.243956526215,1413.2693375797844,1430.950138291259,1536.819807290694,1475.96911903618,1409.324170590078
49,1269.922499210872,1302.7588586832712,1464.1264636190344,1149.170602858528,1058.9433881582904,1145.1581730828264,298.90700948979844,886.4653212359868,1497.7827261931102,1374.2574510418042,1256.5653189484497,1324.1852645323133
50,1050.8142187904434,1351.9102509482839,1447.442840441805,1454.6537969345643,1069.9969596436272,1218.0329848646404,1093.0481346181705,1206.0570035364399,1425.1686109942996,1419.0493327307056,1177.249251614015,1170.690147181793
51,1038.2740385153306,1329.8139955568565,1502.8916909858494,1288.3011896284115,1297.5225676103053,186.46106423446366,544.4515317803974,1296.3602382867246,1544.0692366696028,1481.2738223888364,1153.667540949054,1243.7133427660099
52,1061.6225849543844,1394.849462673368,1314.0360122785924,1193.146111804021,1014.3505697731595,751.0885054779834,1096.8644444066983,564.7343373042169,1313.9099467150274,1415.4897589583147,1144.5170798578388,1494.4891189953737
53,1051.4937138661887,864.7453888796778,1533.1889996867098,1065.6766130525689,838.7844632325106,980.7077991556347,772.1280110919431,1316.1559849878836,1427.106294631686,1390.3909631820557,1126.2782302499572,980.2359677121124
54,1074.2828175687312,1392.817450712771,1511.4716211965363,1219.1106814512775,954.0150985970488,906.4721032035714,981.4492541621685,1403.5567776926787,1449.4970145491375,1392.7849864697475,1181.5434268761378,978.38148529099
55,1099.3069405519514,948.9487752478135,1488.9500718066781,1407.6709189646483,1014.6372205724929,1237.036252849036,1065.9469255781873,1322.8641066273904,1512.8080967228816,1462.4550640636598,1146.659974874346,942.9485042875202
56,1054.4174430643327,1086.1207757903585,1307.8360690942775,1408.6639247653845,1108.8563261039028,533.4857002222451,1068.7161398486858,1036.936373450641,1517.2649537698953,1340.2082031801376,1126.8389397091082,974.7179109527591
57,1420.9591430290895,1208.9785191872675,1413.7427295691698,1434.2410622729137,654.8705546967774,1051.8633466630122,689.1381884273112,1263.0753161284379,1498.1739616959744,1549.644996635532,1101.3397071880406,972.7772899662826
58,1344.4709969652931,1112.0112705211752,1461.3285095300575,1188.2773610783288,1204.7443746646343,872.9974934517106,1045.6355575724456,1194.2616447618393,1463.6256613199673,1569.832173498321,1246.6290308560644,1007.6975265626676
59,1331.1903634716223,1231.5561396744345,1508.2015974029393,731.0989398203485,763.5349778206763,1023.708586469275,1081.4435660514328,611.3202281374276,1432.8611175209041,1505.2758948162348,1476.3153057961651,986.3366867792145
60,1140.616718215493,1427.4223834881423,1505.2582196532062,1518.2009934624662,990.8789845681449,1179.3624452362794,544.7851137999182,1457.7345197045563,1304.1855472756638,1432.790401936862,1344.1334760257919,997.4490702225062
61,1253.570441095441,1328.994796599818,1457.7480236945864,1530.2919192320721,1263.6838143996517,1207.9619967752897,1133.7260019955597,1190.4394717525954,1460.9706380315754,1456.7933919816157,1412.8478315999864,1003.0918441228746
62,1313.5170333508804,897.7844321203413,1344.766416384862,1503.211475461233,1239.419018933693,1268.870632640952,1160.3857285321471,1177.3216412459224,1489.901284751902,1416.1369811421657,1529.2616785797782,1144.7080514647926
63,1327.3916838365249,1450.6443090401986,1360.549018375207,1483.433673029017,1339.2146226521616,1265.0376875660722,1249.6659806570992,1148.0502021859932,1481.4862207558754,1560.6618762418864,1548.4218635024624,1128.7993653696922
64,1064.2412318326992,1352.9080369617802,1360.603270557686,1218.9784301250297,1038.3218772156563,1243.9975321857735,1089.440563557632,1225.1211823021574,1527.2519717735593,1473.8732228789743,1361.5041666677137,1550.1208377016426
65,1010.0549548322281,1169.08558271641,1357.4684050691271,1402.1607597761445,1227.145764147382,1253.6112702959208,953.4712378681731,1389.692101549528,1519.9925268579418,1314.5538775246841,1534.4327793233606,1501.0092410958005
66,960.5628487282283,1286.2452695268219,1359.4375326043332,1271.6378658195754,1384.17370690711,1220.6299216769967,1123.3190739304396,1164.5738634559632,1510.0830961982579,1471.5846315628942,1446.7497091632188,1429.4177199395951
67,1223.7425796009795,1233.097517006032,1142.236933451126,1411.7754288869783,1363.8946154530765,849.9004134582648,1219.7330342797006,1344.1071083689974,1499.655809370477,1471.0427293176945,1297.2207584822838,1177.7226137495225
68,1030.8191165358226,1257.1097132848745,1508.5325569725705,1405.5290352765016,1346.06483380478,765.0237318276376,1273.6078508045568,1054.3142137021189,1508.8864095123192,1502.4439771589025,1324.1038453929461,1091.7077078778498
69,1292.2851041527288,1384.860300346413,1521.346186537673,1473.0924477840992,955.1120912282564,1118.4719655380422,1153.6876690353324,1401.2232125889334,1350.0607288258598,1459.2676061937284,1457.1322177511695,1494.4672685694914
70,1066.8584907479412,1353.5534092312969,1407.7569908413213,1486.9269320530066,1285.4617120247235,1069.4734937467533,790.7540776105006,1404.3756184123267,1430.0935529283413,1510.5368999573152,869.9009778926115,1229.0803832019542
71,1310.0803033420532,1415.0464436865143,1412.9234672449281,1468.5445385365954,646.2724093208377,950.5253395915119,594.0181131152457,1438.8238495561432,1406.6736606952607,1460.761868622785,1513.7757315707915,1184.371732506408
72,1008.1780562391455,1415.9076054249754,1389.0430451780317,1463.638055228518,1275.46578683154,1139.0381439067633,1180.6107793149358,1449.7181294950133,1504.5148863580098,1438.1922429352735,1477.7333341154758,1156.8264986717597
73,1101.6122608832784,1372.9148309893778,1408.648457482794,1456.8068117199052,1286.7299837031167,1235.491499714361,1119.0227531377452,1319.3215717220282,1496.0345822254008,1530.6346134075225,1412.6510995925182,1182.378264390334
74,974.1438672416226,1423.662522090548,1421.7132019954474,917.7505937612225,557.0465525674374,589.344169035405,1021.2558391064329,1439.9264953571037,1480.5758930298498,1496.3837056592886,1495.052241791791,1059.1819074795794
75,1006.7841796103042,1381.3525291463598,1452.3805439684877,1237.968098084782,1066.477493087872,999.8661542650751,1169.3536097845724,1455.7883229575411,1530.1518818266068,1400.8906925092595,1240.8198199890137,1104.6926599367314
76,1021.5833924431874,1319.7932324125186,1446.5251252955295,844.3558570454205,872.4891896700277,1117.2481032581165,344.64887504559584,1401.9453657004108,1524.8835286230988,1422.554806758897,1283.67008817367,1296.5820595520877
77,1014.5170861915318,1338.5906221733305,1489.3229609559262,1259.1700081588517,923.7847527204681,1120.9185255130408,1036.6840227398843,1464.5777737431997,1418.9154242399857,1255.5981594331256,1212.1853371764507,1124.985320688157
78,989.0155954934429,1338.3578893134552,1477.4265223781792,1293.1333092214102,949.2774395064873,1196.633338116067,794.7149362542632,1471.7337815138414,1528.0707748691016,1457.9071649654582,1306.540014741164,1053.1021479554536
79,1232.5760421077057,1314.7992033711078,1485.5828481921642,1064.464181047798,1274.9463866641024,1231.6676901969909,776.5116332270534,1486.0234007810075,1497.635881594333,1399.4615767842402,1521.544713232361,1013.0177508058539
80,1313.116066686569,1291.5506362127517,1440.7226546983513,1325.1493186014307,1154.6092467709948,1234.6403753543973,1245.8665874235473,1131.4356693957657,1490.015537431333,1380.6855446383881,1332.3514832284068,1036.0023412711787
81,1253.216560665504,1308.6875392536547,1477.5358989024644,1323.3009992974003,1224.6175204929389,1218.320612141231,1136.7964417826342,1441.7401214483236,1560.1777059010444,1486.828275551703,1203.5545647273336,1459.1854200945531
82,1333.3118344607665,1323.2073859846407,1446.6083730367259,1263.9845233297763,1289.5337509921128,1207.6667241058833,1093.8104909522663,1321.1522296335038,1452.2949489468751,1182.4173067194922,1544.3391952067168,1408.2420135835805
83,1052.106036828515,1368.0849765187065,1478.7099995204148,1384.3698491099417,978.8970869882355,1148.1364088801129,1002.6516858282992,1516.3523926692371,1541.1702789977712,1088.2317412400678,1507.4756096810083,1069.9350183507577
84,1067.5151004531149,1352.9951726309139,1518.8310436142253,1436.8349851635983,951.4784739071445,1024.9172646603406,327.51640141357905,1499.7298567653527,722.3852890875816,1122.4942894418427,1465.761569838044,1268.1978301323252
85,1042.7798062945856,1318.4705982267826,1518.957207636599,919.9276993362531,928.4925109583149,633.6096803137522,1213.1020127322333,1267.0275710288959,1459.0358055500092,1432.6527230859092,1535.015745824515,1090.760918930494
86,1117.2696383334517,1101.2944571603714,1518.720454553709,372.7329331015514,1149.8317152082425,726.4286745648327,662.438095444025,1426.6680207823329,1401.2072405017805,1553.3264316797636,1315.9883825413572,1017.5878130072921
87,1069.8000788762097,1108.854516751265,1504.865531511433,894.9327376705281,996.1801781764254,1040.0578083046094,1345.5608606485514,1513.4812385437763,1514.181903580645,1427.0110209946379,1261.0115535859481,1000.5588685457024
88,1071.1651516806992,1164.547969089576,1462.7743148000068,1263.367745935143,994.0566910556171,1057.5541311529926,893.277313163712,1506.417361372466,1503.19728542528,1409.1805488366167,1232.02237661245,991.7997224468384
89,1091.285115976654,1152.2653827296274,1467.8109592016006,1298.5485407290005,283.0244194457659,999.9047064246752,774.0892289740596,1374.409707814505,1539.40683606218,906.8337536989025,1088.115264170151,984.7475164145992
90,1099.642491390147,1192.040262717406,1503.6735766765553,1531.552947504552,932.28924644463,1205.5719565705922,1210.7598612542272,1079.5099454140538,1427.5296256940762,1507.7429419775983,1391.9712907703156,992.231016022936
91,1130.4250116602468,1203.8709014424974,1504.414408878168,1522.7617286928235,909.5674932912245,1220.783052137843,967.9283340874092,1458.6925614079294,1345.5968370291369,1508.3979581219553,1375.0637896705443,960.977254588965
92,1129.1530199993147,1195.9473468308759,359.6537539898602,1515.7039103982052,323.90935510869866,797.7571311856709,1124.9155015468812,1267.403582388232,1207.0449782978176,1538.5933656098841,1330.4955310062137,972.5777558531545
93,943.3333632639244,1198.827101541867,1166.6501635405057,1502.2787231894665,1433.5328015027833,1108.0771982265974,1141.648276846209,1343.631827108573,1534.9646633751959,1465.0807831176692,1216.1955592572658,1416.421367981989
94,991.2528846120084,1308.4975149087709,1484.1305855056673,1516.0926332765152,1402.3772739640895,1063.2084903632576,1150.1251983496513,1271.1817527138344,1472.4927718096571,1500.7629971992023,1163.2342414183295,1290.1208014157796
95,981.7001917332386,1179.681135513384,1414.6824016781939,1508.7216607768482,1226.4289401483409,1018.7080709181465,1100.3492304550655,1314.5202320425049,1408.3067439869662,1533.2397811402166,1457.396951701256,1086.4028065770585
96,945.0317103835005,1426.088546042599,1402.5020346051658,1482.4555372881432,1380.850059640155,1129.0210371861697,1128.2599318539365,1211.1820470640266,1311.4838333349555,1472.4261004505424,1486.2951632983393,1077.0759185553388
97,958.4223717169215,1391.8818091344272,1371.4852483503255,1443.7676320365465,1385.721535978392,1227.0282695160133,1250.1461555769301,1051.9397188138696,1501.7378041145128,1495.5241418314129,1352.387143148857,1072.6049618445154
98,982.1163965972501,1255.3056660100547,1390.5465259618816,1484.972267250548,1349.326709700703,1143.414208409802,616.2209915796562,1337.379154086429,1524.882879449316,1517.6394574359024,1404.3784809533129,1300.02619435888
99,1006.0793612114849,1253.4458133093333,1416.3748371212293,1471.3656906184322,1374.1299045429625,1041.5421876420778,799.6035587360973,1407.383356417941,1140.6922960096742,1341.7945968974254,1490.1198485407801,1246.4266621689173
100,973.76721502864,1302.1807663052696,1417.4555625263404,1363.924103163556,1370.6008983552972,938.6021716334471,961.5075679587228,981.4775467061888,913.7668682793737,1459.4109414311263,1288.9296204076056,1133.273643653946
101,976.9324390641651,1316.7463938701608,1396.0554456965974,1482.6409821963225,1355.1944811149624,1134.5981686962496,1039.311480184587,1258.9828895421795,1454.2323504960716,1517.624085313736,1302.2744906772168,1090.0543410218465
102,974.4545655646348,1286.7992716218935,1399.2235021476258,772.1608807582609,659.9716850071336,1159.2862305310314,1010.4413377987867,938.8160478865653,1488.7875799067047,1314.8979064957111,1459.2622399244167,1178.5481095998396
103,988.8632475556932,1277.7276447432123,1429.1225129558252,1443.950376911087,1336.9777778577518,1056.8424397659583,1035.752239034081,1143.1883469381862,1333.4157933841705,1501.570537777371,1499.050323482649,1054.4001649121283
104,1473.9677278386755,1276.456197806892,1450.0428544434928,1491.1707335547262,1361.533424344683,997.960195327334,1246.8482564750154,1348.3410851620442,1266.8873079943273,1488.611272218114,1211.4854788132,1047.2403650051733
105,1179.121965237067,1369.7145595260176,1487.3085034323924,1465.7659267460076,1297.2635464209502,829.6870721096767,1259.4192703940464,1071.296819439967,1513.6453976657865,1517.9207676717685,1545.4038464815487,1044.2913826154088
106,1170.5007486449124,1331.766522735148,1460.714938033101,1290.3705616728791,1330.426651285701,1016.6124128190979,1297.6585643031,939.1047654338465,1321.9334177265816,1478.8144061727342,1491.7207697870808,1125.448840070852
107,1010.1677822437202,1350.8443616138902,1452.961766720184,1037.1300062595246,1327.4806601983933,865.4883505601363,1298.3008133288627,1184.195537943533,1550.4188964825962,1436.9001039628304,1393.8519072035217,1361.1043720288517
108,1028.2600115971954,1425.399230291174,1460.6548931430941,1443.7387072995014,1309.8501383469365,931.0380092793295,954.2335858922542,1233.8686712762349,1287.8847905047744,1417.854234836632,1523.015898595445,1361.7839137465462
109,1334.8288872763667,946.7618704877331,1379.336391732998,1441.7160281697304,1291.9969231203056,805.6595067559894,1061.281687069544,1228.6403316582303,987.0242802810575,1387.5439344896827,1531.4498639880662,1054.3934064939153
110,1391.2188554272375,1504.0219457681023,1526.930901357876,1406.6132853989068,1273.1748836690247,1155.0937430416025,965.2729781613018,1213.9509737475853,1337.865912510442,1432.8940788670952,1346.902033909772,1022.543031085233
111,1057.6297672027454,1363.958679484,1506.4322597604908,1315.9302253184346,962.0620883545254,1166.097398626699,976.8950303871243,1401.1283571514482,1556.979356784006,1469.210088311698,1215.3653433588215,1082.2655183116772
112,1072.0161962611714,1400.7035294002987,1322.4613347905056,1193.5686750351845,1086.3466735694878,224.9368184157369,928.0732462370623,606.2020214689935,1542.035302756016,1509.5422043699807,1122.4322729649552,976.3339222905557
113,1179.7828713664746,1093.5449539563244,1461.3288695561323,1230.4571668250926,409.71662798990593,575.0293224849358,1194.2271467684482,1391.3622236013434,1521.3510117572964,1377.8399248488206,1131.724171266244,996.4288027492678
114,1384.84826612861,1133.5911766675308,1511.2499502107357,1083.728972394482,715.9436392050759,966.3962884877981,1135.1961643853629,1304.0512608739991,1552.5861863204932,1455.2456674191715,1381.8390479099191,1065.3619144136899
115,1340.7114402098164,1176.928887035885,1459.2349291043247,1418.1732376168825,1090.8850087989517,362.8848136379466,1209.0927845360507,1359.221622838583,1513.8567908330572,1428.4415372118115,1462.3961774332545,1044.2257895710848
116,1075.3371573810398,1210.2993049574386,1513.0453193433093,1410.1067955567594,1000.2030634891752,902.640826029289,1167.2164543366655,1352.3621544764148,1515.5140048346825,1225.581236526151,1222.6494108705745,1020.6575711703299
117,1058.3500803359548,1280.5073292797108,1511.5192592529625,1413.1577906278656,1034.1198132522518,920.6701947236693,1243.999026442583,1442.47483288039,1497.8322881215727,1342.164924520208,1084.5752678944275,1268.082263187138
118,1095.0665524840758,1317.9376878002868,1467.0553201078803,1230.0108760553032,1290.0373648939135,530.6041278864861,1043.0528875986743,1388.716619517583,1391.9676510640325,652.8225243295575,1125.656305442282,1009.6920695049555
119,1378.7288934161238,1355.865333819142,1472.1770191552146,1415.9410010562472,1137.50475785055,974.3453074952204,984.4135605284181,1360.5086316930776,1553.6482100251346,1501.7093681475603,1110.9606951856963,994.7627777697326
120,1322.4576585242767,1313.0812819814614,1510.3044628461405,1493.5055921917465,1284.5176174276885,1241.2868296199217,1319.259244730504,1217.0449924950246,1464.4688212365656,1382.2693028652477,1333.525042121411,1005.711914671583
121,1335.9933441567664,1181.5244017799662,1230.333116106265,1473.3760890267033,1274.6976925599115,1261.9970655661343,1350.1722134744778,1472.4287258295883,1438.8762271992648,1526.4902913475662,1315.4719320104039,982.9645090328045
122,1471.6576232247228,1336.955134076447,1245.6312990233832,1535.8517505081186,1189.4775064641078,970.993096092599,1354.9766401115319,1261.8293035200747,1442.8801201878528,1373.1009133000905,1304.4056765453133,1496.200362798495
123,1402.813478104057,1299.8344013330718,1456.500676321978,1316.0764373575294,901.8178035375067,1014.3245068877712,1369.2107684826735,1334.0120631360019,1421.5025160961345,1419.2471480449335,1396.1594195997016,1026.9707125277864
124,999.3365789888707,1221.8414274277488,1301.7815250505178,1172.513711077501,1268.5348596689557,777.1333007641724,1070.5413494086786,1371.5286533159688,1488.808874532058,1499.6169795771239,1520.8111321109861,1296.7990837117006
125,967.8133566212293,1200.7209289835992,1325.7994683671486,1181.5405659396743,1376.9641565805255,1216.0949384024148,1110.9130599755185,1377.3555181961187,1507.5820671678237,1475.268353358547,1374.4594375302713,1297.8982533026392
126,960.7564787928563,1285.5344748153668,1355.8976983253046,1473.924543372881,1350.0960825231577,787.1134005874883,1067.0489440564183,1346.9727656031253,1423.1969389723765,1530.5788680874957,1484.2682443355097,1434.5791253362877
127,1048.6140313565284,1423.8229663153058,1464.2862405876763,1490.8977372641382,1424.5638098130787,1259.7287656040646,1124.9171140734525,1374.2200535705335,1432.1190120326394,1508.010892212569,1309.2836586572023,1492.4339201595349
128,960.7365929366708,1381.7534887357515,1435.810977572459,1407.8996099438525,1390.5349877986773,1255.8061644170498,1042.7412302849098,1258.1230779571572,1484.4606290599177,1448.4173409978262,1312.3376804897246,1479.1843258060162
129,1057.9251049429936,1281.5966888438954,1413.025688449768,1507.4129598261256,1335.2453962675443,1245.5443944665385,940.4012255648561,1256.4117079328835,1445.8914975988873,1509.942730263168,884.6352091356177,1523.96591205734
130,1235.3193514363547,1323.397899217588,1383.8863801351317,1424.9129768968407,1355.8408391953506,1062.876773004593,1181.4648889507218,1319.4808460865706,1286.4826950538018,1473.49412650656,1508.3211149992308,1415.394858421844
131,977.7147278652425,1362.4768042958137,1450.6977978107755,975.3572153851608,1369.9774958594073,1224.0478854598782,600.0791913597124,1169.9945702094626,1436.3882396425251,1460.262959452161,1513.8092191376984,1416.7999841282606
132,989.983639411345,1396.6866057431162,1425.4874968700515,1117.751120888579,1020.4037902598632,1142.0619662222252,1104.9150742933707,1430.9766775607363,1532.422498034618,1481.899803499254,1300.0820385610307,1090.4422468109665
133,1170.2513338751855,1328.943112029205,1453.863188858275,974.3339578973421,1013.7394792313459,1121.0421359760098,789.7069284866857,1434.6302630944876,1466.2425822996975,1202.9196487887684,1346.9061962634535,1072.9962081473943
134,1313.772166003639,1333.2940882601586,1439.6253988871347,1354.4332902669662,1376.0630272991873,258.6492716371471,601.466931123146,886.3273295114727,1505.3716562523161,1518.0959940225598,1219.4470378707133,1104.3693371349523
135,1014.1642859143509,1393.7286904633447,1452.8893386806187,1329.2897698279114,1104.8965945308503,1024.3744269463377,850.1002865305063,1065.8441686158922,1547.2543973600025,1454.511337387373,1197.568269197389,1036.6991426884515
136,997.8428710434994,1285.5800038963143,1383.8248703476213,1161.181792280888,890.8276038152162,989.5480594353634,1013.598872406409,1388.133384266586,1548.6347561986836,1492.5679104742424,1175.7579394763738,1065.9679877921744
137,1000.8444243247526,1283.326799783916,1347.9094229783263,1438.2441315137316,1167.025413525881,869.0010992726457,947.0294690194994,1205.5840700102624,1346.7165480599983,1497.8864218345882,1159.1917968481475,1147.3219078061427
138,1033.0916645933685,1407.23769744659,1500.9361002629141,1457.290743748424,1101.4277050337296,931.2550860629701,982.5955117127146,1383.9934817153382,1539.4399668455803,1465.4514294572614,1288.2686161945078,1067.160839616619
139,1044.6736977330504,1328.2123067265811,1482.6025517893377,1457.694565716612,782.4480055744557,1207.5086631341599,1027.5063162543252,1339.730608625189,1528.3651857456614,1413.4259098421965,1335.1884909540952,1072.3525364354077
140,1001.6248066468054,1366.713728762219,1451.1836184316983,912.9828385229415,1218.101693338372,1197.291857259486,1036.5254861403348,1118.0406534968467,1500.0769671457042,1411.9691228030736,895.7937599303782,1056.093541336519
141,1043.5850747859995,1102.6752531121822,1465.532805666174,1027.6708721652074,1192.3339034618173,696.391748861978,993.1249222599454,1354.242417775798,1485.674380233144,1402.2967672271461,1410.4701858404608,1054.3401874170831
142,1396.0199068622128,1097.5471422565925,1123.0609729752757,1355.2972685211967,1262.5360410344401,776.3480508145514,1059.2219921013561,1252.6951803303289,1513.5253061480164,1430.3460955603919,1272.8335115957645,1276.7592913698084
143,1350.876306168124,1093.8630808768528,1470.4170660474226,1448.9922289539152,1279.4916939076493,1242.4351722032834,1137.4359533517663,1195.1039710784153,1492.0473466675885,962.2646418773722,1148.7220015628322,1278.9957507820031
144,1078.8350541664431,1133.2576175560348,1466.6602996898187,1344.7211296707517,745.8466670682185,1221.9501909005826,1153.7576480722205,1343.3114633095336,1505.9667249201282,1509.8956531720019,1139.1429582374928,1251.3476523601923
145,1056.269442619681,1183.37740698175,1403.2974077067354,1430.876488427931,431.49221676327244,1172.4208487484475,1234.7120845933998,1471.9061980669958,1531.6204078768778,1527.152544560129,1146.9886115184224,1394.8755808893761
146,1070.4442667660385,1176.1507431801567,1492.7429559033415,1406.4089966996128,927.0372521532693,1053.0764155642255,1241.8804772479505,1286.29417397028,1490.8890146540134,1428.8217473446368,1129.3132290606543,1409.2759804373031
147,1076.1084956108243,1206.1616810613407,1484.860951816755,1318.5666053559287,1029.9691595543675,936.2464162880793,1017.2099769761675,1299.1921937567474,1491.538897251182,1392.05894960755,1099.00871084072,1022.5316338059777
148,1456.5566568100776,1433.8096724313127,1489.5922471158433,1384.6723678290941,1037.6131198488354,1046.3047114702847,1254.4170067649559,1462.6255761082762,1445.1259876324805,1373.1254602862493,1090.348119495208,961.420295374987
149,1113.2635574764467,1174.6085863630585,1493.4822759997558,897.7533360907267,948.3860583881516,1118.7111834360217,1128.1724801301027,1387.3015679666526,1449.3474932134136,1305.090455726922,1065.0813540038293,963.4520936687686
150,1071.4928179418018,1197.0811481605713,1250.7263249333491,1491.2318554591861,968.5919363786162,845.9184232883741,1052.1582510654366,1494.0449534999775,1298.0830851516746,1430.4343002133994,1334.1279079645922,1024.2379969129042
151,1104.9551703186205,1390.7294967014636,1404.6038306063085,1499.2978137775242,1034.8618525513307,1132.9484752224157,1072.4405905352698,1502.7935732425503,975.2547226485453,1517.767332100743,1479.586333166046,980.2540922411024
152,1116.718712832881,1231.4663451801268,1486.2357487234437,1480.0393389518806,1195.8666796151558,1184.6367847595984,1129.059356292572,1032.0140541782412,1309.1514324763825,1499.5072559699831,904.941237673539,980.5828499676703
153,1130.26248880776,1255.1132357899844,1482.828860848598,1474.9461594646998,1193.0560243100967,1053.7883407203665,1024.3194784033851,1225.5935424712156,1481.2184194283225,1340.3866262816582,1475.3711502553647,992.023163867283
154,1147.543164844125,1223.986446291932,1418.0970869641117,1479.8101954736667,919.4154441732063,1271.3933691559291,1052.2222269963743,1147.2151203043668,1380.3076257412008,1314.3877189252737,1129.6993465358264,980.9117890228981
155,993.4337202747124,1238.9861268884981,1336.712074476641,1495.245961691361,1384.9966878468856,1171.351079508945,983.0457332183476,1009.134269221357,1491.1671307113509,1465.4826291911197,1352.3467511635038,1123.4263715063425
156,1003.5588121570781,1293.3021034437652,1337.7364732461137,1325.3873762218013,1279.5651616593602,942.9764518172817,1007.4155512965528,916.6244699387898,1552.8688021639582,1359.2701404629568,1325.3812066140915,1121.9190273828196
157,1093.5660409975007,1333.4241311596813,1332.1439294439815,1497.0159103308279,1259.6051990499122,1241.2977883009587,1054.413178043522,1071.4832763636546,1523.904162234345,1342.5874139870048,1452.123926918038,1187.2046267644105
158,1009.022043262033,1435.8039371443438,1426.7430775237142,1512.6686428848543,1333.302629912861,1259.5664687075941,978.9986017767911,1279.828560917022,1539.2939534601703,1524.4465985825025,1527.7610796688136,1113.241358625451
159,1044.7044833613588,1425.9756718007952,1434.95710477927,1513.0184330813145,717.1509870934374,810.2877479845228,1113.1437584457703,1399.3387510917207,1509.1318881377767,1497.4411231295921,1423.232595718906,1229.3634003824923
160,1288.9742059760813,1107.4347784721488,1478.3073040500694,1422.3733027685712,1192.7705884601537,1165.8968575354345,1090.130558921527,1403.9670955239949,1523.659696885946,1470.0114669548116,1422.2953183594109,708.3307428568498
161,1346.3331455953603,1289.8935980851984,1443.233212316081,1381.9174148038746,1397.2893255333424,1245.5863046300046,951.4053071678617,1315.8019236272416,1539.3087467804544,1527.5377298245044,1420.9773944846643,1366.0945230994405
162,986.521898778569,1301.1934069623583,1415.0046924015287,1399.6614180461027,1310.0581726661646,526.0291720924174,990.2952574458845,1111.799291677297,1480.3220240887538,1422.4303933292317,1499.101298273424,1502.3360996654014
163,950.7947734785125,1302.728372665741,1381.8957235392718,1467.6664604147606,1340.7771983234245,485.33008333681806,1070.3173119415565,1160.1177709592841,1513.05572739067,1489.5399174180084,1506.2422085409262,1466.1332135885257
164,976.8993200058658,1370.9146341705743,1412.4256608943867,1478.2369395652302,1347.8338801582313,1069.4770421273902,866.2167491007191,1391.9702010474502,1144.6482549424884,1280.9606515834525,1252.1203209924386,1147.5551931411323
165,987.559894983879,1361.2456526124065,1381.3015927890315,1458.1721497910353,1362.3556729589068,1112.2437243391169,430.52969493487814,1360.2269099743555,1386.3375026579993,1470.8065304292131,1352.5804284537764,1290.1514367762177
166,974.7032744741884,1327.2071553006006,1501.0862729943303,890.6208666930225,1351.5721068837877,813.9486520405374,1121.4182914287162,1405.2858749936615,1474.0132885156324,1544.9027727476478,1412.0393640908153,768.9960138713086
167,1018.6767923315566,1365.3889024093119,1445.1668119964113,1417.3493471654328,1354.2624377598959,893.4655612656055,1211.6301436950916,1183.1348302286592,1342.6888303465323,1543.696595050719,1389.626246705166,1484.3900515673768
168,1366.2015089102013,1367.461825584717,1428.4385819532372,1468.3922164617181,1071.8955166755588,988.5012726634139,1290.0184894687611,1359.0010722709399,1419.4327317532627,1467.589915599827,1211.8554358844558,1426.9052409680567
169,1018.0631511941991,1270.5530892580032,1436.4713548693942,1238.7269055759043,843.8568722911232,960.658922862836,614.6787975305723,1038.2035648208396,1336.479324610951,1479.5616501162283,1209.3776665022579,1505.0977555786008
170,999.2747846979565,1053.0201066530158,1449.5603149110252,1407.490238418127,1214.611691641544,951.026507461403,1183.3027601083284,1239.529053675389,1304.005739138513,1404.2947708321485,1186.723575150716,1427.6463878925508
171,1169.9656019724537,1377.0789604788024,1484.1087445225673,986.8586517739474,565.1267576303657,1145.3114954737298,1298.3413997399114,1132.0356772598423,1522.83433889548,1495.8412210896245,1144.4399929731685,1131.7063984850222
172,1033.390047210099,1502.9497336901445,1465.2656870785736,1383.5725067194214,1199.3459623602246,845.6655136518242,1227.259844136585,1212.1520661908753,1500.4146344017768,1541.8105932143235,1132.594041397864,1193.4057930758083
173,1046.4242187049333,1168.970864697875,1487.294890388513,1021.0862412471504,1320.0268654378353,555.4235227406034,929.9458627418187,1466.143748072259,1539.5092367801776,1460.5267277168377,1472.9513779828478,1384.702959809871
174,1058.2829848499043,1167.8953442287745,1490.4868490815834,1285.3777559813975,639.6900137077116,942.7773290378329,354.1792747633395,1276.4806976717102,1462.1523476973985,1401.3565840760207,1271.6051574369246,989.9982560648181
175,1202.3717508429775,1143.359513600029,1480.635877163879,1244.1903497279388,942.3703964834465,914.6936067086041,901.4800232250567,867.7803482237647,1552.3722305826323,1365.0973765431415,1535.387335267282,973.3810258902918
176,1387.1781017090955,1150.5955650244418,1467.822717631974,853.1680395254832,1115.9248424543614,1075.2499464326813,1002.3782448314898,1392.0926312426197,1323.6798801011705,817.1273341444147,1317.0617024548667,969.4700214921263
177,1315.1913432153983,1296.8523506653357,1481.16654921627,1226.9695628402487,1065.8324862281263,406.48597319323784,934.9981791970839,1296.4193198351863,1521.4054045373648,1488.7360918476281,1395.156279515991,1077.2518042861286
178,1286.0195155995325,1228.6114930475728,1444.2319252240275,1304.4767649067448,1054.027451786936,1084.1325508760287,788.4555942103016,1428.009130734231,1492.0686098928477,1399.3288773985562,1291.803290915612,1033.8762508854486
179,1201.3956014492333,1440.8808035279767,1447.0159690985338,1329.2982276092987,998.7542385872025,479.4821510397395,299.8132650830249,1253.5310726150144,1517.2161661065886,1461.1036846667807,1118.2046739355546,987.9986161691077
180,1064.2705616325877,1441.5507691915527,1454.0182478802594,1376.6908456187125,1168.5910701,883.3339438499394,1250.1502614004996,1199.8674709310503,1411.5562425145397,1239.7910799107965,1385.3137939149058,986.7339517518781
181,1103.8991373865101,1409.547791346609,1460.8589253254686,1235.8039361670815,1252.5557788831723,1197.9581575597663,1226.648415950315,1341.4777966318134,1156.6430548515568,1383.8585317087131,1501.2191646143926,1123.82289580906
182,1220.117647312478,1247.0236530902619,1457.9357100060442,1279.9859267760883,1254.6084210837514,1113.8150352099065,951.7585389717464,1330.3097118076994,896.1633256690085,1534.9005922782544,1257.688612981327,957.1202792652224
183,1181.719269722184,1398.6078407188832,1475.8785086961998,1249.1561432893884,878.7487175869978,996.070494299627,1120.2563888746213,1503.917324598033,927.4568814231471,1366.161571875098,1450.1760219810744,1145.464951002591
184,1191.994355184301,1265.5620642085203,1480.2000395375444,1427.1532411215524,1112.3445755307218,1090.8302965488308,793.2023130706948,1263.1946559063467,1303.3132084761362,1322.149596257399,1572.9538298077705,1288.6968063723427
185,1459.035355115102,1396.745107373878,1474.8094018838103,1505.758284032632,984.7316922928204,443.87261170533355,1043.8545558368273,1383.4885035864957,1472.4703695658918,1294.3500973747207,1557.8039972920287,1283.6766329941086
186,1436.6917553922037,1253.1250904549063,1361.4479448548534,1460.4907811667383,1285.8656890685188,753.8036450818906,845.0136134197061,1034.5583398790222,1547.6293125601155,1456.9722548784544,1532.3419173617656,1332.5695749362615
187,1417.3127409396327,1258.2661859132825,1349.8601504969831,1456.9465479053822,1417.982938547504,1074.0371360961547,1249.0943299300502,1112.2056786177725,1530.4711956987455,1544.2216854250996,1385.1473313561046,1183.3666173722695
188,1072.9817092572268,1373.6052403895717,1377.466847235586,1472.5935287907905,1273.088215584622,865.6433721635799,1257.1523186509219,1297.7203763669118,1484.225682914141,1523.2080216418806,1299.9671108937996,1110.523853795572
189,1128.022186742138,1253.0454170428907,1358.9065783514777,1456.0887174767793,389.71562089447485,465.4581975982052,1252.8921860268372,1306.2610352542374,1384.6233916043625,1497.9174864275967,1436.6894750627612,1100.0336962163876
190,1492.895851784087,1253.2633709303736,1355.6086157498057,1371.8509223354924,1117.6923998539476,861.1994918667456,1213.7722464944293,1295.5992401458925,1404.7306913964676,1511.6499715551176,1444.319439479133,1101.7284982561666
191,1430.486612529063,1373.362771819323,1370.0401345028781,1291.59040728246,1028.5041843672948,922.2146975415103,488.1631552714663,936.4294788307186,1446.1985435862687,1468.8833254387066,1258.1100166539516,1550.7065040053244
192,1235.8193265858492,1392.6031782644127,1395.5671274697725,1483.7103733979038,767.192306579802,1023.4590536837062,1080.761962908177,1205.5210921238709,1527.2094896387316,1519.1897538159292,1442.622159621396,1455.8319400847645
193,1107.8625726779435,1469.6107937327977,1408.2006667990831,1381.4156899980328,1112.9507227941322,447.63781188796463,1245.4785389779881,1326.3842810369158,1511.1462385657935,1470.2545860281903,1261.9238266618515,1094.24084988277
194,979.738898603792,1485.6626836439366,1372.1105804062397,1432.0674129601996,1091.5541280588866,1099.0838200234796,1233.9974688083325,1419.432930357558,1518.4596129932586,1489.9956171738645,1238.5559611039077,1048.9728432098777
195,984.3090231960455,1358.135770001696,1399.039351096818,1440.016915867468,1279.1956761821139,932.5337339430395,615.7311583548765,1412.6427190058562,1524.161017017649,1477.4257012959704,1201.4370119211962,1287.9564218485755
196,972.1559494370628,1424.963736612897,1391.0824446903782,1334.405776283005,1319.7992323702056,987.2109682809769,1225.230214143965,1347.1684159241058,1526.210423158257,1490.0605816860623,1188.9964348270478,1235.6454633416718
197,977.3748781134868,1375.3239128938174,1432.6549322297449,1164.1191402275392,1361.9516634062736,1232.8602512984794,1038.8023111643452,536.8372253117191,1460.8184432616763,1347.1543706266946,1264.4280559037256,1105.834451499269
198,1140.2831213328295,1095.759291677191,1467.561796487901,1049.2560634803342,811.1517579090512,1000.7985810519481,1171.1836625548237,1313.8925159844298,1492.2657358988831,1061.451366526899,1323.1933512267715,1496.4154347194685
199,1443.700925746824,1100.4693836339686,1468.6197741251085,1165.624034947972,1019.915558412566,850.1455698978983,974.9050991465549,1094.424201924527,1487.2238428707635,1539.270376221766,1187.6083034201445,1443.6371406456942
200,1133.562486302566,1121.8389991704628,1480.4579637215986,1204.537988261183,1002.3367259056745,1178.697430667455,1015.5518361868368,1374.3314399904343,1311.5967596984788,1461.3821039743186,1143.5424436307305,1164.3835766013094
201,1148.1003348777872,1202.7006485921056,1473.283259109514,1290.7058075442228,1249.081382412463,1128.692824181162,1111.649690753996,1388.7481631343544,1570.2091230967198,1498.033777460924,1161.9152097657588,1223.7010987452686
202,1025.7302748131528,1412.861564732949,1463.6696735114265,1455.643478289506,797.9416533950005,1065.946606512635,1168.235258189573,1217.3792949009635,1532.5396463442162,1533.877702258348,1402.5653072430664,1051.2939957828632
203,1075.7899081534033,1184.1326584623253,1440.9556082285992,1224.1289148472586,1191.474934915002,1185.0337761255596,1299.3657053737854,1442.579892428865,1537.5585718541138,1476.108388989985,1269.9978375149067,1468.2751418964124
204,1161.2082795665426,1180.0185477076257,1497.3144645257191,1406.366267350388,1306.6088200999504,304.1452907900225,1148.8573369652688,1274.4869821167645,1384.0463970705948,1536.1432991368092,1403.9701379560872,1006.6245057472948
205,1004.7854175503528,1172.365674823981,1344.590462695171,1377.5780335058967,1118.5353541651948,885.8382774935783,1219.3873466109997,1091.413165568231,1488.8158484396956,1382.3130930981533,1337.8158974050316,984.9178891572769
206,1025.598336486585,1179.9045492682164,1527.0170644545622,577.9558961735994,1297.4637118786789,1043.2380204515855,1307.585406779283,1143.2497660309439,1331.4523289556575,1405.2199237015282,1313.4325429967614,1229.5523293164697
207,1153.4051418272654,1175.4013516996756,1521.810588649593,313.0259114742483,1177.7688176088777,954.5867787499637,1281.4746870716194,1448.4725562928902,1434.6072200176177,1482.9141934333322,1396.3245978003392,1134.449799471206
208,1112.608139609123,1158.9458097357233,1514.6240630543127,948.263276085033,1301.0210017000613,1110.092421999207,891.5211692317795,1291.2314082019227,1531.7202484411187,1545.4400246348478,1527.6787416392078,1120.0917354194996
209,1028.945252771947,1226.3326478648498,1445.2074552719307,1262.1743040921522,1276.1692877062774,1103.5976516781045,1282.4481182621687,1051.3089962650315,1477.8893062745765,1473.8725778788164,1507.760242984501,964.5196715349251
210,1019.7165472101619,1202.2265356272405,1482.4523240599294,1443.2682813217666,1159.0046248825229,1021.2636850845362,1135.8551963483246,1481.0235581940485,1386.0621811350952,1367.3335592333285,1345.3130304942454,960.766204154329
211,1022.3494554425515,1479.7193973729995,1512.2983761600376,1451.829002275729,1205.4764470479101,915.0759331809613,1281.532077786138,1477.8524667464856,1443.7114047493258,1337.3545545614545,1465.9445690456087,975.1341146900669
212,1284.254272700811,1230.7010159926706,1504.520817590599,1444.5984589846403,1237.009989591493,951.7932023114572,1350.0942991446873,1318.5574449375056,938.4067821657917,1311.436679313167,1353.0552440770657,966.5773019997629
213,1125.9183341776486,1247.9008053954258,1489.8341511297951,1444.018486380354,1256.4752181473243,1124.8235632136757,1368.702850367907,1412.3666589929433,1521.4288643977923,1317.4952240248174,1398.3783943110868,1205.8045409432402
214,1120.1522613304546,1385.756719160226,1514.1902841716496,1489.708375315876,1264.1489354655714,900.5973812620934,1285.321516931809,1409.3301463386326,1348.018625860393,1445.9055810870323,1529.2841579191186,1192.6050096311274
215,1141.502985474088,1302.11484379747,1355.5528583355347,1343.1500946040583,1188.9038657440167,1040.127093482113,1377.0242407055393,1510.6028513327344,1506.3762039961784,1549.0316601654195,1278.368403848943,974.6410861599144
216,1115.982931905573,1274.2313062392038,1465.7070239403215,1476.3895199130532,341.95070839720535,901.6118207564064,918.5352819386447,1053.5715882840127,1202.2990902853644,1439.799690641632,1467.019523300729,981.8932828563359
217,1271.103032255043,1339.309075363421,1341.3046358867382,1449.7034280866544,573.2706879207474,905.6624545322057,1245.7846649721107,1195.9951788567985,1466.1109917126714,1436.4645468564022,1299.2293216401451,1486.5550440340432
218,976.5218399469545,1307.4769693004682,1434.762656655899,1418.056764299724,1237.0891701902517,888.445504403014,803.1413841184152,1060.7543988739258,1486.8856506478535,1481.420335167069,1244.292722988998,1280.5900035982586
219,1329.6482997759701,1488.4819967738952,1362.8563040149604,814.3375066177986,1061.8002407439842,1212.151148572364,1039.6750044904313,1208.4839858810653,1289.8603758369597,1483.0244550707703,1226.1842029099264,1137.2903461279202
220,1018.2185700121028,1448.3562785926113,1521.4031116451936,734.2064683609522,1305.6452703740345,1255.049153530505,1052.9476311519709,1336.4941692409504,1326.578788352078,1454.4949541270903,1275.3852336349123,1118.489954399655
221,949.1058226391596,1408.6422857659381,1480.1985637167263,356.28635916548916,1282.0911330180336,1248.0209185023177,1232.4632122448484,1137.5219666390833,1453.223236399133,1316.189979107028,1294.2757679900872,1089.9855672431713
222,1259.4856507164197,1325.7535509116287,1498.987846831492,981.7744247931822,921.103183532882,1225.2463629780932,1112.3081635884103,951.6147300716603,1361.9441409496328,1540.9236850107923,1236.6934431577722,1319.382415588612
223,1257.6414382245835,1332.1746228012257,1400.6666915593262,1071.6824623219857,1231.1546436537988,1199.3844942902945,1246.3961148055062,748.147911530825,1044.1139033320544,1503.404204206456,1249.734421763905,1508.6292574046834
224,1226.1693895042572,1342.30174934822,1388.2588291183797,1047.4065357735453,857.0652484671275,1170.7414107613624,1238.948743109335,1057.0470948313352,1531.1177295846926,1403.0477172720434,1196.0409717548462,1317.362869021681
225,989.0996065230357,1358.2139668359944,1397.9280393153147,1043.7766804758292,769.3332386114353,1055.8016707591878,418.2432771102786,1170.7620598099413,725.6213458907774,1421.6444135026268,1169.7928418050171,1067.2997119780064
226,1106.8597440756403,1178.128885848053,1115.7039524778263,1181.118252585511,1240.8087006328237,1088.9797216467339,1147.1596541342283,1150.9748186515947,1506.1156797271099,1543.4697852095815,1295.888427399281,1075.3273705648458
227,1010.979702714386,1147.4541370697123,1130.182323368795,1134.077776407921,1187.374321432595,1102.386217051072,476.02295507690417,1327.5163320833058,1461.0488632197366,1404.580653608317,1438.6377187739008,1017.3924859201929
228,1047.9523831327242,1142.842327256136,1465.670993967351,1287.243486340331,1019.1683688167083,1110.4857339082027,1246.720006720153,1103.3084931435924,1486.2277913267744,1541.7375695622688,1214.8611579545498,1023.3754820299155
229,1174.046046684033,1090.4328577577028,1462.0974350195893,1195.798845944615,1093.2163182750267,1025.2243835206014,1163.8376626503632,1197.2427761426563,1457.4744274035854,1457.2652595766333,1223.0921241354313,1001.2419456601976
230,1309.2996989665498,1134.696628562861,380.15248460977915,1118.1753923269093,1286.616343281279,1235.5641134619366,903.5912867733322,1115.669931896923,1460.9262256711468,1450.3385597925549,1190.0225765318828,1035.9373952600267
231,1053.341145805697,1193.8224280695997,1281.0499678898911,1182.5470692277593,1342.8789220482508,1231.0871938285366,590.9258844830929,927.6420181275801,1367.6937321642426,1444.0791014655995,1392.445923648222,1002.0982822202436
232,1536.7212751217457,1181.019340129144,1394.9950380047205,1144.4397170619188,559.851151532391,290.887745299207,612.4469179347964,1347.6828060849507,1204.7612985857063,1526.2870723401322,1231.467940921918,1345.9922924482328
233,1125.353773719499,1210.1378624876968,1208.6743345787538,1212.273814619983,1107.823692860834,925.3899331642667,1113.8449784918428,1200.739931992083,1503.362654677432,1502.0564930506184,1490.206109874981,1406.3265676225797
234,1049.6467514532576,1190.3884831893824,1459.7112964847752,1157.0168706258078,1047.918792357726,965.0191385479699,1126.0807570771617,1318.5490302817977,1518.7567328058717,1520.1312051598795,1491.6242795985358,1462.4315894038714
235,1014.6494510601847,1211.889383967067,1479.691369257568,1400.0436702372333,1273.8900434149618,923.7878570131123,1067.7773601139695,1309.799431441137,1448.8982101842198,1204.8948622325454,1193.0338216016214,1403.612854177552
236,1033.5728391451232,1215.7236467563512,1433.9155575235436,852.7095598820243,871.9037701475532,932.280773820752,1156.3243633381487,1279.0722095390183,1437.3961714132463,1522.5063385054095,1102.5871781158692,1335.0461554116634
237,1039.678398768664,1306.4882707625275,1504.7159657211703,1242.6126495152328,1271.4731407674246,1042.364661397741,943.4982432667719,1310.2032473511993,1489.8465438726764,1453.7206050107686,1249.863089624255,1052.9013046364626
238,1034.1876424052386,1201.2418567682091,1444.502207543663,1125.6057558545256,1034.227240660018,1172.3343095037715,1345.6011493242665,1309.5023330252634,1074.283192714909,1400.2670537374895,1303.2850085799637,1152.0050189991473
239,1073.2364193053106,1252.8316213728615,1510.965403550347,964.4196708575814,1294.8489054865302,1230.2019226029934,1033.7844161422386,1464.9882923789608,1556.6904423352682,1429.8862301546624,1488.1224082841165,998.4430459977036
240,1090.1595715029932,1255.672424836313,1486.568705511373,1523.2481248433548,1293.0241506899508,1069.8598247331383,1226.3651628281561,1409.358390835359,1459.015798985123,1385.179240792985,1321.5748807914833,1430.782517164496
241,1080.060626020604,1309.351842021898,796.54719915091,1513.3278556715084,1276.4722190034238,940.7906526905467,1115.8343540694332,694.724808571859,1128.4742944595869,1467.058808346778,1526.9593187797552,1039.7944924329686
242,1055.8342561646598,1264.0297729157683,1453.770209186724,1471.1707259803866,1270.184282741226,975.939121159492,914.3238367017944,1242.9970303025714,1432.6565328508739,1471.9379730140224,1486.8246143569286,1020.0742235295413
243,1120.033975973275,1280.8388569008714,1519.206723101171,1183.2950981213955,1193.6013318603418,1218.2659200969158,1189.152320354839,1129.5477701507757,1494.0551268669512,1429.9570372401183,1367.3908303574017,1292.7171359643678
244,1101.670648457798,1266.6959804281423,1499.1929315835823,1447.8468879177033,1157.2705822534413,1239.5282133657593,1079.3177991282996,1425.8569165196566,1495.1102879386103,1332.997650533727,1314.887390509709,1003.9094510424716
245,1110.0384147812877,1310.0219850952137,1460.8189893311712,1492.1565814238834,1077.7372079423403,1257.191535054528,878.073011581741,1442.2676416759227,1338.7453013491506,1315.5452335715731,1299.97414443606,1011.564499852283
246,1109.5519055246618,1299.3912069855735,1498.0736192197294,1357.2589470850967,1141.5761963744076,826.4019751309451,1237.3209073978321,1379.596625036178,1375.4994791907106,1289.798096993288,1505.2134168530915,1009.1841940464325
247,1161.3594325147726,1297.4940155357335,1477.1159030589247,1487.4446163495686,1113.1471708422803,377.7286675226935,1089.097991719675,1425.1690704387984,1203.2272220421946,1519.1585650541936,1296.6217973498842,1113.6789931365984
248,1108.3130523951431,1300.6268229491202,1314.649256540042,1169.1524243399895,1329.7054030553013,815.6864338235868,996.0911696204795,1371.6029258421927,1286.1941551077855,1474.0261144425062,1228.445062816917,1520.5619359666657
249,1366.889054690724,1326.1082876679964,1376.3491912614513,1414.3705617426394,1430.8150702202756,870.1576341178944,1113.0387846629635,1266.3930524511966,1353.921656697511,1490.106925135111,1544.1906711662975,1125.5978207441265
250,999.5027817462457,1360.6120886446488,1356.3970410140869,1457.2720120051142,1211.007928117438,1068.4652656654164,1219.0858885739492,1362.6268386613422,1338.63366385121,1503.7542171421621,1524.8984767744862,1107.5220090503622
251,1023.6765346447567,1370.613516104933,1389.9368691284162,1468.642748144791,733.0406549493113,1020.7902639918284,944.7166127939107,1366.3063745273728,1483.9239900957734,1502.153222124729,1549.254400422084,1209.4512383263175
252,1001.4400247313081,1345.2076058099497,1424.9149336766818,1451.7311865085333,950.2755087237506,1053.2406716878702,1224.8100717923107,1370.3291165976304,1509.9930468142024,1374.1828433181624,1535.3172146828197,1282.5581048560296
253,984.6286399892351,1348.1685248610347,1377.5468776309526,1476.851679182442,813.4635843960338,1240.2737387838897,536.4061105274579,1375.5252801958334,1408.9258016573428,1499.1440331859662,1398.5656608573227,1083.5193573960817
254,1031.9080338090873,1200.2521248497678,1365.811930639588,1387.1827167770264,586.8045670943363,1166.6432498887893,638.0762690389358,978.6475403767477,1480.1755008938512,1513.6841105891965,1280.399655569668,1175.498710884004
255,1033.0315875815943,1304.4573200844272,1511.7919916643648,1256.1085227094177,1143.5116927083661,1252.9842429530415,1154.585640496396,1342.5463588608889,1519.5865257913256,1465.5037664466865,1199.3952782085335,1423.6687290350176
256,992.093211358211,1179.8401972019985,1485.7490060417315,1243.0512659207754,1167.1626884210773,253.5529761086404,1083.7612757483046,1401.671419844384,1491.818565968313,1521.3505717975545,1305.9684442360374,1381.1900263706827
257,969.3774033139844,1096.6460742817164,1422.0370250956078,1397.2297233402012,1330.1210914388926,1015.5512503399432,1155.8445655211233,1319.7288430557687,1522.1480432569635,1483.7416500638215,1477.4351926886409,1082.085706076213
258,958.4558940192328,1243.668580884169,1435.7615554639322,1466.5392402701266,1057.9580004297939,908.2976153130113,1119.2165539217165,1416.3557426758741,1493.6369722741774,1522.2643476578542,1493.8077353297574,1038.152867932625
259,988.5478615305483,1193.0811006353197,1421.4344545500087,1255.6910370390399,964.7413042337097,827.5652751982846,1247.6031080372795,1111.804885154046,1495.2736388436354,1467.5190016631361,1481.797600344507,1080.8050289315938
260,1055.23576758169,1168.8214762093066,1298.498194175006,1255.8241650803197,977.2618787422613,465.42168247950076,1293.5459341867222,999.4188349043734,633.012687159932,1441.7341026641536,1465.3656995926751,1078.029326685413
261,1025.0111003884047,1124.6360967826574,1486.425319868064,1447.3684029623432,1036.981049603141,1142.7817625331206,1141.0106835077634,690.7450902387078,1556.2235969452784,1416.0586510764597,1546.6729730716936,1078.877868998947
262,1121.0068249594556,1252.810341692875,1476.3468239900892,1421.5955768856052,1095.8931880508746,1055.0431467719761,1196.8140202210695,1260.6528414303502,1324.1863103009755,1398.866630309372,1428.4342014594263,1444.0812303199693
263,1213.6859857994375,1261.9936988545219,1466.510911589789,741.8637711398998,1192.848646023881,1194.993591369001,1098.0545067879987,1424.849404080136,1400.1270693919598,1437.3736795214957,1133.4360046991023,1077.3650680442397
264,1019.0083531785525,1168.6876639472803,1461.3209700878585,1318.296348186905,1089.9714956274388,1215.5950318623243,1293.3707759500546,1130.9048578726192,1466.4862379928916,1487.830067206688,1117.5317566323108,1060.0342328457784
265,1002.605595346391,1146.1640862925879,1452.928026519375,862.3485973184426,983.1467007952864,1029.8058793878329,1314.6404484269933,1221.1366370594858,1514.8547822438215,1246.4118038624185,884.3938583464445,1020.2439208905847
266,1006.7448241077373,1499.7878968248424,1450.823013885008,1157.5684404320957,1174.3323870924908,1162.8193409286323,1087.5936447894535,1315.3642074044092,1158.9777549764917,834.5540949622455,808.8145668381993,993.8146385363848
267,1011.075842506772,1279.4799707547181,1498.4801496851524,1337.8621881455538,742.5863421712256,1028.6050821393255,1157.706385679988,1309.0072255524212,1550.2241867257558,1539.5884327243584,1456.86061202156,1104.8303115077388
268,1020.6685279538417,1238.6712378806133,1486.5473075055463,1130.3625835593878,956.9901312985515,983.6130810970919,1082.6452442197426,1248.6991581086245,1514.3426502805203,1367.1879797324304,1151.7259280643937,1074.4256832815192
269,1150.3610524118585,1360.825908768903,1501.2797494170006,1217.693245688368,860.8083547748956,1173.0600698592273,1111.9717516908943,1409.0863725618096,1492.605874100249,1411.5997170581388,1372.9114076395815,1076.1923894969068
270,1165.4313545451123,1359.9135023373863,1351.6657267257667,1474.53106297935,1087.6553038003567,1182.0075317305223,1071.915982376804,1378.5291389912197,1397.567334706118,1504.9580523588309,1442.647929714472,1197.3033101907874
271,1141.9625253577697,1332.1090680686236,1480.6873010949855,1468.3939782719926,625.6101759917104,1071.6825816605246,1304.1139327522792,1445.8658509448896,1138.75441610975,1474.535576421272,1462.8905525936445,1025.2501689490384
272,1254.9149407688305,1334.3791120530634,639.9958870306841,1434.848842136728,1081.0173705838001,916.6268506589552,919.9088104586618,1351.0711794126717,1468.9654022887983,1406.6243850909143,1323.559313858593,1010.4619571991987
273,1105.1302066367602,1345.953808159829,1082.3022755158102,1184.7327275487446,784.0765937547998,962.9389773533373,996.6669935723392,1300.5719657482123,1469.5646152012973,1530.4888696513417,1327.1569924156804,1014.5164064249739
274,1135.4409536058704,1294.7119046597895,1475.9526925748248,1504.6492521502212,990.3274858019322,1147.5872720595366,1217.9671180564537,1412.3147189701574,1442.229447316396,1338.3111726562524,1512.7048685232783,1029.8361575930753
275,1123.4890963707185,1404.8323753200227,1469.8940244302248,719.8290255999365,901.2050489879701,1034.4682063512146,1136.1761508141005,1099.8089836096092,1472.1380803539976,1409.7766820849756,1298.2653110057195,1001.4639459056293
276,1097.3212941052639,1316.1255665011915,976.8304074306641,425.9496826133976,1159.1433177116774,961.1516438594725,1167.3292915761888,1114.4500046643473,1504.6849682139132,1414.745267980979,1481.4149036530646,991.4557679438346
277,1087.5579680915084,1308.4795386514077,1195.75259784251,950.3271281503928,1141.9833717422432,787.783570306995,1021.8257990930664,1200.3157167816057,1513.740312890358,1557.310549820566,1297.3069011220716,1010.7327530383882
278,1185.0915369639213,1331.88902653406,1264.043366293977,469.7187318524308,646.3139734637017,1253.1847747177192,1361.8874381624598,1465.0311934334504,1470.4696643418254,1361.4371768804756,1329.72698020221,1027.4534107527668
279,998.8285333150802,1400.0807882099186,1366.0278037334679,1196.493275850106,1404.2011848847908,1251.007212975704,593.5714667222388,1274.5212630028957,771.6672313628202,1476.7317655992092,1418.9448494428514,1141.1395681173954
280,1427.7775447106612,1389.1466933805314,1443.403877755306,1127.9038356822414,1442.6758657078224,940.2229527515476,966.3314602168249,1195.584252070087,1363.9956896670915,1466.3559665948314,1258.8330704234606,1206.7654335960988
281,1223.1218430021713,1375.4007825695917,1455.4208463799193,1365.345301793547,1032.5310012955356,1060.5160230079202,1033.6184458104865,1275.6794815714072,1435.649393785429,1479.9770281476958,1258.7709402078674,1380.4840251857063
282,963.5392370764798,1426.652260238847,1386.5442772530482,1322.255728989803,1374.0185852128711,999.4448311897797,1025.9389517842749,1348.1240906139335,1438.4466846042324,1479.7663633178083,1194.9813511588286,1453.5070572988407
283,983.2237070684034,1133.029405283733,1384.9056706714537,720.465341756398,1214.727222247758,1135.5253108987988,1010.9684498875231,1299.7197972314073,1431.8696196768979,1509.5565839443564,1416.2561182085815,1375.4519671071946
284,1185.7164792362526,1116.4509931808127,1393.592332157884,1504.9179172776576,1227.146751089725,1213.2423697202769,806.1238341633111,1117.7926026650234,1326.5708166746363,1495.5525059621407,1213.1721420281222,1535.6120047627592
285,978.5338891602545,1104.4097653466017,1388.670037522199,1501.480824672567,1316.4577633514818,1072.7268378576923,928.9210575372283,1075.6995711844065,1525.9879391013365,1488.348554930927,1196.2506237907467,1497.9383054415482
286,1018.1182547591161,1134.2231165303872,1409.9833252891844,1487.452504491828,1234.433310907157,510.7471638407158,1196.6592351176198,1013.159236844019,1508.7793220508934,1436.3283651885063,1433.5439982247135,1148.2284724129938
287,1002.4010584274022,1129.9711129869286,1412.2299185406764,1477.811679461344,1026.685394566623,872.7976164464716,1072.3265538044247,1188.2193462353541,1501.258133962023,1417.9152057182332,1547.5176727054252,1261.5264676031702
288,1001.6200200952076,1120.4636728157084,1425.426501034323,1475.7665299599562,1360.4290699471323,882.5690988125316,1094.5781729388168,1084.7693803216457,1565.6117472767553,1452.9086991981674,1459.6278008482313,1054.5442215369837
289,982.8756625787585,1127.098110149847,1406.836804157702,1455.3538432141688,1270.4700165844283,802.2524356704217,1209.3007596653763,1277.8219080038523,1545.0749424318083,1426.0886376411686,1278.9533560906111,1073.5158627172182
290,971.4157326520777,1148.9303656158597,1412.7477570691628,1438.4613420610065,1386.5783614272063,645.166214937295,1263.384744577451,1039.116701452675,1525.0282307265443,1424.00700617736,1181.8097576230468,1514.923824652679
291,989.7531839915237,1138.8386608128674,913.3094740354859,1427.5224884742302,1375.8473627660044,1148.8079288068866,1257.7842591782185,1131.6077032326054,1517.0189551196124,1444.2192998525309,1175.963825308414,1215.749229367561
292,1009.2653230788105,1189.9513230982827,1130.7115324245208,1374.5461514550389,1338.8600051616368,1205.9372636819953,1266.538250711249,1413.9085195179164,1503.468225110512,1528.1986368440653,1226.7457843278346,1046.3243051749257
293,1033.3976325387664,1204.6377758751369,1520.5617260018535,1267.1394447868863,614.8269929926372,1221.6483887877164,1275.489648670019,1410.855823569619,1495.5004491260295,1518.5873761410626,1189.4413615564968,1033.2961146215757
294,1034.5684165594628,1229.9142967947466,1475.6297987441944,1425.3625243940846,919.3895704173525,1229.0764962968153,1290.505252730448,1413.8090491537996,1524.5992356584998,1461.6771143422038,1169.2338184799614,1035.9935002548705
295,1081.7560386551854,1232.6388560644089,1401.6387240975505,1440.2392734042335,714.3067820489226,1107.1491548086572,906.0889302705024,1200.4323848860079,1517.7304332578399,1384.371722978441,1138.981714447723,1067.0937435413036
296,1238.9809335899513,1237.7803900724498,1490.9940113716266,1429.318388781114,1076.7213003929521,1125.743566297262,1121.168625079302,1384.7089029710223,1506.3938250547906,1286.45716773635,1119.5325475888205,1309.9961961315807
297,1171.9516198018932,1266.8788891052325,1349.2533559305568,1071.3543277191877,1115.4650662222334,1232.4412888524562,453.4589860972892,1310.069229715114,1505.025618669968,1512.7196979706778,1250.1967066384316,1079.321483000752
298,989.6844662273893,1246.0832138640988,1452.9014656951879,817.5620715518991,1101.6112367687583,1199.0950329432198,1050.648050671685,1405.189387819844,1556.8340862834855,1365.565906273945,1151.8457867245886,1036.335310357735
299,1297.65767166066,1294.71349307892,1345.6760924146781,828.4343022747807,1211.59034553468,1045.448308335568,1185.7476365598322,1032.181290069681,1534.5423458644736,1358.1016167110279,1158.5740676891037,984.4284236024137
300,1182.2677384182698,1455.4930213282696,1518.780500820778,1489.668218980953,1258.5410542033871,1279.2355216238261,1059.678540545485,1338.3261671269613,1493.3377749543406,1495.0585822095816,1354.1784584815907,978.0368838315138
301,1107.6100094315307,1277.335742870778,1516.827785919725,1445.9986497222887,945.2136102300962,1274.6532673323381,1165.3563266081158,1413.479570901212,1383.4811858543267,1523.1207199672026,1313.623676072642,1076.7000658338914
302,1306.3916464909485,1449.811135561691,1496.6814253844036,1447.3181385312766,1070.8612934592559,1127.7823096044635,1258.3580378201793,1463.7274537211779,1518.3156079559508,1469.1132329271722,1318.3081418031675,1028.509669359185
303,1090.553938731499,1413.3639130767235,1507.0669485022602,1405.0915796791166,1173.9193017129433,1009.9539212450455,1159.3017876412905,1440.450605739358,1510.2380872481717,1401.5153983856383,1307.1698139185546,1044.733946619637
304,1078.2619781727526,1473.1474129703101,1481.7804682249905,1384.71966472175,1089.0260160510297,1216.6196339772816,1303.3468053985912,1481.4890344164735,1528.530983642495,1357.9876380725066,1247.9013643631497,1018.5046242488731
305,1091.203154468649,1374.0941331939591,1492.8812645787507,1470.4849868049162,1037.1684847082693,766.3031540979215,1327.8246771074585,1473.1076682422613,1254.3124342103831,1366.882634665931,1403.6311620727804,997.6047829333471
306,1137.102809513629,1340.52259930397,1502.009879471297,1434.3228908369852,1034.7501204546966,884.8765105870908,767.6326034057591,1298.0890131700771,1454.9690791605017,1409.5190031234872,1358.812325294242,990.051105613772
307,1157.371087820538,1341.537956984667,1479.0195949556849,1127.2445994023628,1219.0789675312499,1211.73512997856,945.0160114308205,1243.5200183414313,1489.8561763066,1397.0072650486497,1297.5925181059704,1322.9171178941863
308,1263.1092750918715,1342.2522059470632,1182.0533949194496,753.0635165642087,1245.1381962223902,922.0444608596284,552.7305099363884,1500.3277872174024,1366.3445425609998,1375.9038140523771,1396.2341487736378,1083.3250294452193
309,1357.6780187931402,1421.6362650530086,1427.7244755064849,1247.4773620792253,1172.7876328459556,912.113436174654,1093.1154733228395,1230.8692567378673,1393.5901252113545,1447.25773436197,1213.5284264803552,1007.3167466733822
310,1123.3669011798916,1421.3549303636216,1348.5226958932133,435.2479785382651,1283.7387667025787,1123.9519653686539,1158.4610882624772,1358.7749153062618,1321.0979589291346,1298.6367565449054,1551.0153804700574,1231.5198779127888
311,915.1902481246696,,1314.5762425363691,929.3549689612252,1213.9175428179467,640.8692350235061,1161.138896370473,1375.5278783690583,1535.0005944541447,1586.9874599404334,1276.1630022409636,1167.614071009451
312,1007.0513211563413,,1380.0015868823987,1381.8806969958744,1326.1714644108897,1104.997461324196,1031.25766335556,532.916682232894,1460.3345606289465,1362.3157664203873,1220.6251541463178,1373.480257446472
313,1377.3984905912891,,1367.6549514352055,1423.9141132294817,1277.608343336943,1205.559502201796,1175.1051264950277,816.3318837580547,1522.4530602604839,1566.2304544600959,1202.7087746336051,1134.8951162835683
314,1011.9171740405529,,1357.1157299694119,1358.2074499512069,1185.5072055012006,1191.7152740348595,1135.6958631254058,826.7437872381857,1409.1354067505506,1545.8836155399272,1288.9486609059684,1122.2975300133603
315,982.6287659915203,,1398.3956660060176,1060.3185433110677,1155.0423808239038,938.3520239094429,1113.3582425317054,795.2248951100939,1570.6345815017016,1271.3622179833496,1107.2064043995288,1122.8809169781764
316,1036.033826893627,,1347.5640035843703,1126.3920730506384,1237.9572281235723,1187.0876950045879,803.3006679440631,1126.1362934253289,1393.7398315055582,1511.9515824962705,1221.6322684337606,1112.5085163988642
317,1261.4401415539967,,1367.2200023094722,888.9205989096758,1018.7657250707321,1248.4165472472348,897.0067757449299,1197.5356708840097,936.7653384769029,1103.086974326984,1168.6510532927148,1068.7591570861462
318,945.1582381454429,,1368.853985232909,1437.295700419115,1381.4630363917151,443.78313970383573,741.2509229614061,1189.9191282833117,1430.6254508152365,1494.818130484514,1176.1450003577781,1039.8984047574804
319,1279.0204649368397,,1032.9348168050087,1369.6627971932573,1288.9856803146163,766.398456672714,1107.3742972996256,1067.8779540899136,1496.9015611306208,1484.169183501995,1257.8440499123249,1039.4033787364885
320,1388.6518590640421,,1395.0556700893592,1450.6301538247985,1374.5121085425794,1007.3753417916341,1005.7396484274932,1031.121997683199,1537.6122626067602,1439.0690826398654,1347.5992251175235,1001.1470004066316
321,1195.7324499986987,,1374.3884123495543,1223.8186770399611,1362.7016327865922,1025.2183186810962,1071.0905675943252,1415.8859379622913,1225.1682169899295,1437.1237480827533,1134.9621327632185,1498.3847742562566
322,985.5349992993223,,1398.642385787611,1413.057376079808,1256.2597470261578,1098.9385361959407,1235.58860416355,1164.5259955830063,1496.6668278145482,1492.9646352654324,1121.7070336705665,1069.560998713309
323,986.0497318990105,,1430.853342929968,688.1598904492796,1255.18380293413,902.008378522764,994.3938130508891,1451.7650291801053,1519.51125292806,1457.9354915612075,1125.8262479448283,1011.2978043252118
324,1018.4122280873921,,1476.7121140078023,898.7494615831165,869.6232370267571,1155.8329770571418,929.8098447671288,1169.6678506206454,1559.561755802227,1571.43054393588,1106.426217819128,1469.4164999642535
325,1361.631458223621,,1479.9919391801495,836.4169667031357,1199.816036220451,1081.3534248191531,651.4976541453137,1243.6477466894823,1247.343342853951,1488.6503112661094,1108.4418972128253,1034.4695534982877
326,1421.3087338479797,,1465.2081475879856,1217.4352096971984,1091.809756303739,1195.5616043173395,1097.8154979544117,571.9401828140662,1225.4795857357667,1535.6996539553397,1121.6091795613704,997.247047214377
327,1345.603257436583,,1483.0987187411567,1191.1490115829768,1062.6005556192456,731.999927632021,1247.5054293056842,1279.59487185217,1561.8983413804608,1448.4607325549453,1117.7963255667896,1028.5499031752424
328,1233.6138084272652,,1365.920727110762,947.028649882384,728.5973104867317,1142.1815923887714,940.2140406318119,1055.2936698907838,1526.3075870631906,1526.5247176481782,1171.7704204449324,1017.6520796494897
329,1287.3847166010103,,1446.697564320567,1293.8899274699904,1110.312757687077,1212.2850748862963,846.494439308139,1411.3027191933286,1499.4721610907602,1519.6597398262713,1184.573435737268,992.0298781933209
330,1329.1293805401401,,1438.191165472458,,866.1329537488651,,1070.5261729672684,1200.8850198049158,,1406.0137410197344,,1119.736997691208
331,1016.4126242298612,,1353.9162794553872,,845.8030297442392,,1202.5419835737262,1477.3847750066473,,1378.1688436649179,,1001.9866897241817
332,1008.2392216887266,,929.8974203415372,,1235.5357717545292,,1032.6093680646247,1504.5471607479444,,1369.5866287625338,,961.0005678207352
333,1037.95329624255,,1466.7910202329963,,1131.9497463372934,,933.1446929529062,1501.8486725057073,,1479.8365092383335,,988.3341591850442
334,1260.627222215232,,1245.318217415169,,1116.7220451015512,,1128.854013081455,1508.6718444966962,,1519.4047813430232,,987.7991053356062
335,1198.2069106755857,,865.8755865669549,,1045.4141628190757,,1220.8898199770858,953.349915047363,,1431.4408194138935,,982.614422774771
336,1375.6214967190028,,1385.2272636416346,,1164.7425916865088,,1217.5502751145723,1359.6213627002994,,1368.2877327384167,,1189.9104979861615
337,1036.0319095471832,,1478.9204921762732,,1131.0508607884929,,1112.1626843349704,1372.2753721896406,,1375.320858085813,,1172.857735734715
338,1125.0730126073495,,1456.2543072675426,,1088.1064408344878,,899.6797242422658,1489.537218801917,,1528.4768309102003,,979.7166424003719
339,445.2793754156578,,1458.871401862716,,1261.8587748606406,,1082.303333805964,1157.689336985622,,1371.796577829303,,1156.1985856715871
340,1065.2868090724985,,1459.940539441408,,1015.9850201254341,,1112.3314274817153,1459.4743503226086,,1336.2101615223871,,970.3284620060859
341,0.0,,,,,,,,,,,
